[{"name":"theme_info","theme_name":"Debutify","theme_author":"Debutify","theme_version":"1.0","theme_documentation_url":"https:\/\/debutify.com","theme_support_email":"info@debutify.com"},{"name":"Add-ons","settings":[{"type":"header","content":"Debutify Add-ons"},{"type":"text","id":"addons_activation_code","label":"Activation code","info":"To unlock these add-ons, go in [Debutify app](\/admin\/apps) then enter your activation code here."},{"type":"header","content":"View count"},{"type":"select","id":"addons_view_icon","label":"Icon","default":"eye","options":[{"value":"","label":"None"},{"value":"eye","label":"Eye"},{"value":"users","label":"Users"},{"value":"search","label":"Search"}]},{"type":"text","id":"addons_view_text_before","label":"Text before"},{"type":"text","id":"addons_view_text_after","label":"Text after","default":"Poeple are viewing this right now"},{"type":"range","id":"addons_view_min","label":"Min view","min":1,"max":5,"step":1,"default":1},{"type":"range","id":"addons_view_max","label":"Max view","min":2,"max":100,"step":1,"default":14},{"type":"range","id":"addons_view_interval","label":"Interval time","min":3,"max":10,"step":1,"unit":"sec","default":3},{"type":"header","content":"Delivery note"},{"type":"select","id":"addons_delivery_language","label":"Language","default":"english","options":[{"value":"english","label":"English"},{"value":"french","label":"French"}]},{"type":"select","id":"addons_delivery_format","label":"Date format","default":"short","options":[{"value":"default","label":"DD\/MM\/YYYY"},{"value":"reverse","label":"YYYY\/MM\/DD"},{"value":"short","label":"Short date"},{"value":"full","label":"Full date"}]},{"type":"select","id":"addons_delivery_icon","label":"Icon","default":"shipping-fast","options":[{"value":"","label":"None"},{"value":"calendar-alt","label":"Calendar"},{"value":"truck","label":"Truck"},{"value":"shipping-fast","label":"Fast truck"}]},{"type":"text","id":"addons_delivery_text_before","label":"Text before","default":"Order today, and you'll receive your package between"},{"type":"text","id":"addons_delivery_text_between","label":"Text between","default":"and"},{"type":"text","id":"addons_delivery_text_after","label":"Text after"},{"type":"range","id":"addons_delivery_from","label":"Min delivery time","min":1,"max":60,"step":1,"unit":"day","default":7},{"type":"range","id":"addons_delivery_to","label":"Max delivery time","min":1,"max":60,"step":1,"unit":"day","default":14},{"type":"header","content":"Quantity bar"},{"type":"select","id":"addons_quantity_icon","label":"Icon","default":"stopwatch","options":[{"value":"","label":"None"},{"value":"stopwatch","label":"Timer"},{"value":"running","label":"Running"},{"value":"box","label":"Box"}]},{"type":"text","id":"addons_quantity_text_before","label":"Text before"},{"type":"text","id":"addons_quantity_text_after","label":"Text after","default":"items left in stock"},{"type":"range","id":"addons_quantity_min","label":"Min quantity","min":1,"max":5,"step":1,"default":3},{"type":"range","id":"addons_quantity_max","label":"Max quantity","min":6,"max":50,"step":1,"default":14},{"type":"header","content":"Countdown timer"},{"type":"select","id":"addons_timer_icon","label":"Icon","default":"fire","options":[{"value":"","label":"None"},{"value":"fire","label":"Fire"},{"value":"tag","label":"Tag"},{"value":"stopwatch","label":"Timer"},{"value":"bolt","label":"Bolt"},{"value":"gift","label":"Gift"}]},{"type":"text","id":"addons_timer_text","label":"Text","default":"Hurry! Sale ends soon"},{"type":"select","id":"addons_timer_month","label":"End month","default":"december","options":[{"value":"january","label":"January"},{"value":"february","label":"February"},{"value":"march","label":"March"},{"value":"april","label":"April"},{"value":"may","label":"May"},{"value":"june","label":"June"},{"value":"july","label":"July"},{"value":"august","label":"August"},{"value":"september","label":"September"},{"value":"october","label":"October"},{"value":"november","label":"November"},{"value":"december","label":"December"}]},{"type":"range","id":"addons_timer_day","label":"End day","min":1,"max":31,"step":1,"default":28},{"type":"text","id":"addons_timer_time","label":"End time","default":"23:59:59","info":"HH:MM:SS"},{"type":"checkbox","id":"addons_timer_flex","label":"Use flexible timer instead","info":"This timer starts on a new session and reset when the browser is closed","default":false},{"type":"range","id":"addons_timer_max","label":"Flexible time","min":1,"max":24,"step":1,"unit":"h","default":2},{"type":"header","content":"Add to cart animation"},{"type":"select","id":"addons_cartanimator_animation","label":"Icon animation","default":"shake","options":[{"value":"bounce","label":"Bounce"},{"value":"flash","label":"Flash"},{"value":"pulse","label":"Pulse"},{"value":"shake","label":"Shake"},{"value":"jello","label":"Jello"}]},{"type":"range","id":"addons_cartanimator_interval","label":"Interval time","min":5,"max":20,"step":1,"unit":"sec","default":6},{"type":"header","content":"Trust badges"},{"type":"select","id":"addons_badge_alignement","label":"Alignement","default":"text-center","options":[{"value":"","label":"Left"},{"value":"text-center","label":"Center"}]},{"type":"text","id":"addons_badge_text","label":"Text","default":"Guaranteed Safe & Secure Checkout"},{"type":"image_picker","id":"addons_badge_image","label":"Image","info":"Leave empty for default icons"},{"type":"select","id":"addons_badge_image_width","label":"Image width","default":"400","options":[{"label":"Extra Small","value":"200"},{"label":"Small","value":"300"},{"label":"Medium","value":"400"},{"label":"Large","value":"500"},{"label":"Extra Large","value":"600"}]},{"type":"header","content":"Tabs"},{"type":"text","id":"addons_tab_description","label":"Description title","default":"Description"},{"type":"text","id":"addons_tab_review","label":"Review title","default":"Reviews","info":"Change review widget position in review app settings"},{"type":"text","id":"addons_tab_1","label":"Shipping and returns title","default":"Shipping and returns"},{"type":"richtext","id":"addons_tab_1_text","label":"Shipping and returns text","default":"<p>Put your shipping and returns content here<\/p>"},{"type":"text","id":"addons_tab_2","label":"Custom title","default":"Custom section"},{"type":"richtext","id":"addons_tab_2_text","label":"Custom text","default":"<p>Put your custom content here<\/p>"},{"type":"header","content":"Sales pop"},{"type":"checkbox","id":"addons_salespop_mobile","label":"Hide on mobile"},{"type":"text","id":"addons_salespop_text_before","label":"Text before","default":"Someone"},{"type":"text","id":"addons_salespop_text_from","label":"Text before city","default":"from"},{"type":"textarea","id":"addons_salespop_city","label":"List of cities\/countries","info":"Use comma between cities"},{"type":"text","id":"addons_salespop_text_after","label":"Text after","default":"purchased"},{"type":"collection","id":"addons_salespop_collection","label":"Collection","info":"Leave empty for all products"},{"type":"range","id":"addons_salespop_timeago","label":"Max time ago","min":1,"max":24,"step":1,"unit":"h","default":1},{"type":"range","id":"addons_salespop_display","label":"Display time","min":3,"max":10,"step":1,"unit":"sec","default":4},{"type":"range","id":"addons_salespop_interval","label":"Interval time","min":5,"max":20,"step":1,"unit":"sec","default":6}]},{"name":"Colors","settings":[{"type":"header","content":"General"},{"type":"color","id":"color_body_bg","label":"Background","default":"#fff"},{"type":"color","id":"color_headings","label":"Headings","default":"#000"},{"type":"color","id":"color_body_text","label":"Body text","default":"#000"},{"type":"color","id":"color_default","label":"Form fields","default":"#F7F7F7"},{"type":"color","id":"color_primary","label":"Buttons","default":"#5600E3"},{"type":"color","id":"color_button_text","label":"Buttons label","default":"#fff"},{"type":"color","id":"color_secondary","label":"Links and accents","default":"#5600E3"},{"type":"color","id":"color_sale","label":"Sale tag","default":"#44AE6C"},{"type":"header","content":"Header"},{"type":"color","id":"color_nav_bg","label":"Background","default":"#fff"},{"type":"color","id":"color_nav_text","label":"Text","default":"#000"},{"type":"header","content":"Announcement"},{"type":"color","id":"color_announcement_bg","label":"Background","default":"#000"},{"type":"color","id":"color_announcement_text","label":"Text","default":"#fff"},{"type":"color","id":"color_announcement_button","label":"Button","default":"#fff"},{"type":"color","id":"color_announcement_button_text","label":"Buttons label","default":"#000"},{"type":"header","content":"Drawers"},{"type":"color","id":"color_drawer_bg","label":"Background","default":"#fff"},{"type":"color","id":"color_drawer_text","label":"Text","default":"#000"},{"type":"color","id":"color_drawer_default","label":"Form fields","default":"#F7F7F7"},{"type":"color","id":"color_drawer_primary","label":"Buttons","default":"#5600E3"},{"type":"color","id":"color_drawer_button_text","label":"Buttons label","default":"#fff"},{"type":"color","id":"color_drawer_overlay","label":"Overlay background","default":"#fff"},{"type":"range","id":"color_drawer_overlay_opacity","label":"Overlay opacity","min":50,"max":100,"step":1,"unit":"%","default":65},{"type":"header","content":"Image overlay"},{"type":"color","id":"color_overlay","label":"Background","default":"#000"},{"type":"color","id":"color_transparent_nav_text","label":"Text","default":"#fff"},{"type":"range","id":"opacity_overlay","label":"Opacity","min":0,"max":100,"step":1,"unit":"%","default":50},{"type":"header","content":"Footer"},{"type":"color","id":"color_footer_bg","label":"Background","default":"#000"},{"type":"color","id":"color_footer_text","label":"Text","default":"#fff"},{"type":"color","id":"color_footer_default","label":"Form fields","default":"#262626"},{"type":"color","id":"color_footer_primary","label":"Buttons","default":"#5600E3"},{"type":"color","id":"color_footer_button_text","label":"Buttons Label","default":"#fff"},{"type":"color","id":"color_copyright_bg","label":"Copyright background","default":"#5600E3"},{"type":"color","id":"color_copyright_text","label":"Copyright text","default":"#fff"}]},{"name":"Typography","settings":[{"type":"header","content":"Headings"},{"type":"font_picker","id":"header_family","label":"Font","default":"futura_n7"},{"type":"range","id":"header_font_size","label":"Base size","min":24,"max":40,"step":2,"unit":"px","default":34},{"type":"range","id":"header_font_size_big","label":"Page title size","min":50,"max":90,"step":2,"unit":"px","default":80},{"type":"range","id":"header_spacing","label":"Letter spacing","min":0,"max":2,"step":0.1,"unit":"px","default":0},{"type":"select","id":"header_transform","label":"Text transform","options":[{"value":"initial","label":"Default"},{"value":"capitalize","label":"Capitalize"},{"value":"uppercase","label":"Uppercase"},{"value":"lowercase","label":"Lowercase"}]},{"type":"header","content":"Accent text","info":"Menus and buttons"},{"type":"font_picker","id":"accent_family","label":"Font","default":"futura_n7"},{"type":"range","id":"accent_spacing","label":"Letter spacing","min":0,"max":2,"step":0.1,"unit":"px","default":0},{"type":"select","id":"accent_transform","label":"Text transform","options":[{"value":"initial","label":"Default"},{"value":"capitalize","label":"Capitalize"},{"value":"uppercase","label":"Uppercase"},{"value":"lowercase","label":"Lowercase"}]},{"type":"header","content":"Body text"},{"type":"font_picker","id":"base_family","label":"Font","default":"futura_n4"},{"type":"range","id":"base_font_size","label":"Base size","min":12,"max":18,"step":1,"unit":"px","default":16}]},{"name":"Social media","settings":[{"type":"header","content":"Social sharing image"},{"type":"image_picker","id":"share_image","label":"Image","info":"Shown when sharing a link on social media. [Learn more](https:\/\/help.shopify.com\/manual\/using-themes\/troubleshooting\/showing-social-media-thumbnail-images\/) about image thumbnails."},{"type":"header","content":"Accounts"},{"type":"text","id":"social_facebook_link","label":"Facebook","info":"https:\/\/www.facebook.com\/shopify"},{"type":"text","id":"social_twitter_link","label":"Twitter","info":"https:\/\/twitter.com\/shopify"},{"type":"text","id":"social_pinterest_link","label":"Pinterest","info":"https:\/\/www.pinterest.com\/shopify"},{"type":"text","id":"social_instagram_link","label":"Instagram","info":"https:\/\/instagram.com\/shopify"},{"type":"text","id":"social_snapchat_link","label":"Snapchat","info":"https:\/\/www.snapchat.com\/add\/shopify"},{"type":"text","id":"social_google_plus_link","label":"Google Plus","info":"https:\/\/plus.google.com\/+shopify"},{"type":"text","id":"social_tumblr_link","label":"Tumblr","info":"http:\/\/shopify.tumblr.com"},{"type":"text","id":"social_youtube_link","label":"YouTube","info":"https:\/\/www.youtube.com\/user\/shopify"},{"type":"text","id":"social_vimeo_link","label":"Vimeo","info":"https:\/\/vimeo.com\/shopify"},{"type":"text","id":"social_fancy_link","label":"Fancy","info":"http:\/\/fancy.com\/Shopify"},{"type":"header","content":"Sharing options"},{"type":"checkbox","id":"share_facebook","label":"Share on Facebook"},{"type":"checkbox","id":"share_twitter","label":"Tweet on Twitter"},{"type":"checkbox","id":"share_pinterest","label":"Pin on Pinterest"}]},{"name":"Favicon","settings":[{"type":"image_picker","id":"favicon","label":"Favicon image"}]},{"name":"Cart\/Search","settings":[{"type":"header","content":"Cart"},{"type":"select","id":"cart_type","label":"Cart type","options":[{"value":"page","label":"Page"},{"value":"drawer","label":"Drawer"}]},{"type":"select","id":"cart_icon","label":"Cart icon","default":"cart","options":[{"value":"cart","label":"Cart"},{"value":"bag","label":"Bag"},{"value":"basket","label":"Basket"}]},{"type":"checkbox","id":"cart_notes_enable","label":"Enable order notes"},{"type":"select","id":"browsing_button_style","label":"Continue browsing button style","default":"btn--primary","options":[{"value":"","label":"Default"},{"value":"btn--primary","label":"Full"},{"value":"btn-outline-primary","label":"Outline"}]},{"type":"header","content":"Search"},{"type":"checkbox","id":"search_enabled","label":"Enable search","default":true},{"type":"select","id":"search_button_style","label":"Button style","default":"btn--primary","options":[{"value":"","label":"Default"},{"value":"btn--primary","label":"Full"},{"value":"btn-outline-primary","label":"Outline"}]}]},{"name":"Review App","settings":[{"type":"header","content":"Review widgets position"},{"type":"select","id":"review_badge","label":"Review badge product","default":"review_badge_under","options":[{"value":"review_badge_above","label":"Above product title"},{"value":"review_badge_under","label":"Under product title"}]},{"type":"select","id":"review_badge_grid","label":"Review badge grid","default":"review_badge_under","options":[{"value":"review_badge_above","label":"Above product title"},{"value":"review_badge_under","label":"Under product title"}]},{"type":"select","id":"review_widget","label":"Review widget","default":"review_widget_under","options":[{"value":"review_widget_above","label":"Above related product"},{"value":"review_widget_under","label":"Under related product"},{"value":"review_widget_tab","label":"In product tabs"}]},{"type":"header","content":"Installation instructions"},{"type":"paragraph","content":"1. Click on the button below: Theme actions > Edit code"},{"type":"paragraph","content":"2. Copy & paste your Review Widget code in this file: review-widget.liquid"},{"type":"paragraph","content":"3. Copy & paste your Review Badge code in this file: review-badge.liquid"},{"type":"paragraph","content":"** If your Review App has done an auto-install of the review widget, you will have to delete it manually. You will find their auto-installed review widget at the bottom of one of these 2 files: product.liquid or product-template.liquid"}]},{"name":"Advanced settings","settings":[{"type":"checkbox","id":"product_card","label":"Enable product card","default":true},{"type":"checkbox","id":"grid_product_vendor","label":"Enable grid vendors","default":false},{"type":"checkbox","id":"color_product","label":"Product image background","default":true},{"type":"checkbox","id":"parallax_enabled","label":"Enable parallax effect","default":true},{"type":"checkbox","id":"sticky_header","label":"Enable sticky header","default":true},{"type":"checkbox","id":"transition_hover_enabled","label":"Enable transitions on hover","default":true},{"type":"checkbox","id":"show_author","label":"Show article author","default":true},{"type":"checkbox","id":"show_date","label":"Show article date","default":true},{"type":"range","id":"border_radius","label":"Border radius","min":0,"max":30,"step":1,"unit":"px","default":4,"info":"Max for perfect circle"},{"type":"url","id":"browsing_link","label":"Continue browsing link","default":"\/"},{"type":"select","id":"section_height","label":"Section height","info":"Used in collection\/article page","default":"small","options":[{"label":"Extra Small","value":"xsmall"},{"label":"Small","value":"small"},{"label":"Medium","value":"medium"},{"label":"Large","value":"large"},{"label":"Extra Large","value":"xlarge"}]},{"type":"select","id":"sale_type","label":"Sale type","default":"amount","options":[{"value":"amount","label":"Amount"},{"value":"percentage","label":"Percentage"}]},{"type":"select","id":"top_button","label":"Back to top button","default":"right","options":[{"value":"right","label":"Right"},{"value":"left","label":"Left"},{"value":"none","label":"None"}]},{"type":"checkbox","id":"top_button_mobile","label":"Hide on mobile","default":true},{"type":"select","id":"border_width","label":"Border width","default":"1","options":[{"value":"1","label":"1px"},{"value":"2","label":"2px"}]},{"type":"text","id":"zindex_drawer","label":"Drawer z-index","info":"Boost this number if an app is overlapping the cart\/menu drawer.","default":"50"}]}]