{"current":{"color_body_bg":"#ffffff","color_headings":"#000000","color_body_text":"#636363","color_default":"#f7f7f7","color_primary":"#5600e3","color_button_text":"#ffffff","color_secondary":"#5600e3","color_sale":"#39ce74","color_nav_bg":"#ffffff","color_nav_text":"#000000","color_announcement_bg":"#000000","color_announcement_text":"#ffffff","color_announcement_button":"#ffffff","color_announcement_button_text":"#5600e3","color_drawer_bg":"#fff","color_drawer_text":"#000000","color_drawer_default":"#f7f7f7","color_drawer_primary":"#5600e3","color_drawer_button_text":"#ffffff","color_drawer_overlay":"#ffffff","color_drawer_overlay_opacity":65,"color_overlay":"#2f2f2f","color_transparent_nav_text":"#ffffff","opacity_overlay":50,"color_footer_bg":"#000000","color_footer_text":"#ffffff","color_footer_default":"#262626","color_footer_primary":"#5600e3","color_footer_button_text":"#fff","color_copyright_bg":"#5600e3","color_copyright_text":"#fff","header_family":"old_standard_tt_n4","header_font_size":36,"header_font_size_big":60,"header_spacing":0,"header_transform":"capitalize","accent_family":"muli_n6","accent_spacing":1,"accent_transform":"capitalize","base_family":"arapey_n4","base_font_size":16,"share_image":"","social_facebook_link":"https:\/\/www.facebook.com\/debutify\/","social_twitter_link":"","social_pinterest_link":"https:\/\/www.instagram.com\/debutify\/","social_instagram_link":"https:\/\/www.instagram.com\/debutify\/","social_snapchat_link":"https:\/\/www.facebook.com\/debutify\/","social_google_plus_link":"https:\/\/www.facebook.com\/debutify\/","social_tumblr_link":"","social_youtube_link":"https:\/\/www.instagram.com\/debutify\/","social_vimeo_link":"","social_fancy_link":"","share_facebook":true,"share_twitter":true,"share_pinterest":true,"favicon":"shopify:\/\/shop_images\/debutify-fav.png","cart_type":"drawer","cart_icon":"cart","cart_notes_enable":true,"browsing_button_style":"btn--primary","search_enabled":true,"search_button_style":"btn--primary","review_badge":"review_badge_under","review_badge_grid":"review_badge_under","review_widget":"review_widget_tab","product_card":false,"grid_product_vendor":false,"color_product":true,"parallax_enabled":true,"sticky_header":true,"transition_hover_enabled":true,"show_author":true,"show_date":true,"border_radius":4,"browsing_link":"shopify:\/\/collections\/all","section_height":"small","sale_type":"amount","top_button":"right","top_button_mobile":true,"border_width":"1","zindex_drawer":"50","addons_view_icon":"eye","addons_view_text_before":"","addons_view_text_after":"Poeple are viewing this right now","addons_view_min":1,"addons_view_max":14,"addons_view_interval":3,"addons_delivery_language":"english","addons_delivery_format":"short","addons_delivery_icon":"shipping-fast","addons_delivery_text_before":"Order today, and you'll receive your package between","addons_delivery_text_between":"and","addons_delivery_text_after":"","addons_delivery_from":7,"addons_delivery_to":14,"addons_quantity_icon":"stopwatch","addons_quantity_text_before":"","addons_quantity_text_after":"items left in stock","addons_quantity_min":3,"addons_quantity_max":14,"addons_timer_icon":"fire","addons_timer_text":"Hurry! Sale ends soon","addons_timer_month":"december","addons_timer_day":28,"addons_timer_time":"23:59:59","addons_timer_flex":true,"addons_timer_max":2,"addons_cartanimator_animation":"shake","addons_cartanimator_interval":6,"addons_badge_alignement":"text-center","addons_badge_text":"Guaranteed Safe & Secure Checkout","addons_badge_image":"","addons_badge_image_width":"400","addons_tab_description":"Description","addons_tab_review":"Reviews","addons_tab_1":"Shipping and returns","addons_tab_1_text":"<p>Put your shipping and returns content here<\/p>","addons_tab_2":"Custom section","addons_tab_2_text":"<p>Put your custom content here<\/p>","addons_salespop_mobile":false,"addons_salespop_text_before":"Someone","addons_salespop_text_from":"from","addons_salespop_city":"Montreal Canada, New York United States, Toronto Canada, Washignton United States","addons_salespop_text_after":"purchased","addons_salespop_collection":"","addons_salespop_timeago":1,"addons_salespop_display":8,"addons_salespop_interval":6,"checkout_header_image":"","checkout_logo_image":"","checkout_logo_position":"center","checkout_logo_size":"medium","checkout_body_background_image":"","checkout_body_background_color":"#ffffff","checkout_input_background_color_mode":"white","checkout_sidebar_background_image":"","checkout_sidebar_background_color":"#39ce74","checkout_heading_font":"Raleway","checkout_body_font":"Helvetica Neue","checkout_accent_color":"#5600e3","checkout_button_color":"#39ce74","checkout_error_color":"#ff6d6d","addons_salespop_text":"Someone purchased","booster_view_icon":"eye","booster_view_text_before":"There's","booster_view_text_after":"Poeple viewing this right now","booster_view_min":1,"booster_view_max":14,"booster_view_interval":3,"booster_delivery_icon":"shipping-fast","booster_delivery_text":"Order today, and you'll receive your package between","booster_delivery_from":7,"booster_delivery_to":14,"booster_quantitybar_icon":"stopwatch","booster_quantitybar_text":"items left in stock","booster_quantitybar_min":3,"booster_quantitybar_max":14,"booster_timer_icon":"fire","booster_timer_text":"Hurry! Sale ends soon","booster_timer_month":"december","booster_timer_day":28,"booster_timer_time":"23:59:59","booster_timer_flex":false,"booster_timer_max":2,"booster_cartanimator_animation":"shake","booster_cartanimator_interval":6,"booster_tab_description":"Description","booster_tab_review":"Reviews","booster_tab_1":"Shipping & Returns","booster_tab_1_text":"<p>Put your shipping and returns content here<\/p>","booster_tab_2":"Custom section","booster_tab_2_text":"<p>Put your custom content here<\/p>","booster_salespop_mobile":false,"booster_salespop_text":"Someone purchased","booster_salespop_collection":"","booster_salespop_timeago":1,"booster_salespop_display":4,"booster_salespop_interval":6,"booster_viewcount_icon":"eye","booster_viewcount_text":"Poeple are viewing this right now","booster_viewcount_min":1,"booster_viewcount_max":14,"booster_viewcount_interval":3,"booster_trust_alignement":"","booster_trust_text":"","booster_trust_image":"shopify:\/\/shop_images\/1526466510368_checkout-badge.jpg","booster_trust_image_width":"100%","booster_timer_animation":"tada","booster_timer":true,"booster_viewcount":true,"booster_delivery":true,"booster_quantitybar":true,"booster_cartanimator":true,"booster_trust_cart":true,"booster_accordion":true,"booster_accordion_description":"Description","booster_accordion_share":"Share this","booster_accordion_shipping":"Shipping and returns","booster_accordion_shipping_text":"<p>Put your shipping and returns content here<\/p>","booster_accordion_custom":"Custom section","booster_accordion_custom_text":"<p>Put your custom content here<\/p>","booster_salespop":true,"booster_trust_checkout":true,"hero_size":"medium","hero_header":false,"color_drawer_button_text ":"#fff","color_announcement":"#000000","drawer_color_background":"#ffffff","drawer_color_text":"#000000","drawer_color_default":"#f3f3f3","drawer_color_primary":"#5600e3","drawer_color_button_text":"#ffffff","drawer_color_overlay":"#ffffff","drawer_opacity_overlay":65,"color_site_footer_bg":"#000000","color_site_footer_text":"#ffffff","footer_color_default":"#232323","footer_color_primary":"#5600e3","color_button_text_footer":"#ffffff","color_bottom_footer_bg":"#5600e3","color_bottom_footer_text":"#ffffff","color_newsletter":"#f3f3f3","color_newsletter_text":"#000000","color_newsletter_button":"#5600e3","color_newsletter_button_text":"#ffffff","drawer_color_primary_text":"#ffffff","drawer_color_secondary":"#000000","drawer_color_secondary_text":"#ffffff","color_primary_text":"#ffffff","color_secondary_text":"#ffffff","color_drawer_background":"#ffffff","opacity_drawer_overlay":75,"drawer_button_primary":"#39ce74","drawer_button_primary_text":"#ffffff","drawer_button_secondary":"#5600e3","drawer_button_secondary_text":"#ffffff","transition_timing":"ease","product_vendor_enable":true,"product_background":true,"type_header_family":"futura_n7","type_header_transform":"capitalize","type_accent_family":"futura_n7","type_accent_transform":"capitalize","type_base_family":"futura_n4","type_base_spacing":true,"product_title_size":"false","color_drawer_button":"#39ce74","opacity_hover":50,"border_product":true,"type_header_base_size":"30px","type_accent_subheadings":true,"type_base_size":"15px","type_base_italize_titles":false,"top_button_enable":true,"type_header_font_weight":"800","type_accent_font_weight":"600","type_base_font_weight":"500","judgeme":true,"product_bg":"#fff","product_container_bg":"#f2f2f2","button_style":"default","drawers_push":false,"color_overlay_text":"#ffffff","color_overlay_button":"#fff","color_overlay_text_button_text":"#5600e3","type_header_title":false,"type_header_weight":"lowercase","type_accent_weight":"lowercase","color_overlay_drawer":"#000","color_borders":"#000000","type_header_border_thickness":"1px","color_newsletter_bg":"#39ce74","announcement_bg":"#5600e3","announcement_bg_text":"#ffffff","color_input":"#191919","style_button":"flat","color_newsletter_footer_bg":"#5600e3","color_newsletter_footer_text":"#ffffff","layout_full":false,"color_drawer_border":"#000000","color_sale_tag":"#ff5959","color_product_background":"#f7f7f7","checkout_banner_background_color":"#fff","checkout_call_to_action_color":"#a26b25","checkout_use_header_image":false,"customer_layout":"customer_area","favicon_enable":false,"social_sharing_style":"clean","sections":{"header":{"type":"header","settings":{"default_logo":"shopify:\/\/shop_images\/debutify-logo-sm.png","inverted_logo":"shopify:\/\/shop_images\/debutify-logo-white-sm.png","height_logo":46,"navigation_type":"center","main_menu_link_list":"main-menu","header_mobile":"top","height_logo_mobile":40}},"featured-products":{"type":"featured-products","settings":{"background_section":false,"title":"Featured collection","subtitle":"Give more details about this collection.","home_featured_products":"footwear","rows":"1","desktop_grid":"4","mobile_grid":"2","show_view_all":true,"button_style":"btn-outline-primary"}},"featured-collections":{"type":"featured-collections","blocks":{"featured-collections-0":{"type":"collection","settings":{"collection":"footwear"}}},"block_order":["featured-collections-0"],"settings":{"background_section":true,"title":"Collection list","subtitle":"","section_height":"medium","show_view_all":true,"button_style":"btn-outline-primary"}},"drawer-menu":{"type":"drawer-menu","settings":{"drawer_top_link_list":"main-menu","drawer_bottom_link_list":"footer"}},"product-template":{"type":"product-template","settings":{"image_layout":"thumbnail","product_photo_alignement":"left","zoom_enable":true,"product_detail_alignement":"left","show_breadcrumbs":false,"product_vendor":false,"product_title_size":true,"product_selector":"select","quantity_enabled":true,"add_to_cart_button_full":true,"enable_payment_button":true,"show_description":true,"social_sharing_products":true}},"collection-template":{"type":"collection-template","settings":{"collection_sort_enable":true,"collection_tags_enable":true,"rows":"3","desktop_grid":"4","mobile_grid":"2"}},"list-collections-template":{"type":"list-collections-template","settings":{"display_type":"all","sort":"alphabetical","section_height":"medium"}},"featured-content":{"type":"featured-content","settings":{"background_section":true,"home_page_full_width":false,"title":"Featured content","text":"<p>Use this text to share information about your brand with your customers. Describe a product, share announcements, or welcome customers to your store.<\/p>","text_size":"large","button_style":"btn--primary","button_label":"Shop Now","button_link":"shopify:\/\/collections"}},"announcement":{"type":"announcement","settings":{"show_announcement":true,"home_page_only":false,"hide_mobile":false,"text":"Free shipping over $50","link":"","button_text":"","button_style":""}},"article-template":{"type":"article-template","settings":{"social_sharing_blog":true,"show_tags":true}},"1517116285870":{"type":"featured-blog","settings":{"background_section":false,"title":"Featured Blog","subtitle":"","blog":"news","rows":"1","grid":"1","show_image":true,"show_tags":true,"word_count":26,"show_view_all":true,"button_style":"btn-outline-primary"}},"1517117177681":{"type":"featured-row","settings":{"background_section":false,"image":"shopify:\/\/shop_images\/600x600.jpg","text_size":"medium","image_alignement":"left","text_alignment":"text-center","title":"Image with text","text":"<p>Pair large text with an image to give focus to your chosen product, collection, or blog post. Add details on availability, style, or even provide a review.<\/p>","button_style":"btn-outline-primary","button_label":"Shop Now","button_link":"shopify:\/\/collections"}},"blog-template":{"type":"blog-template","settings":{"rows":"1","grid":"1","show_image":true,"show_tags":true,"word_count":50}},"1526601968129":{"type":"featured-product","settings":{"featured_product":"kaoreria","image_layout":"stacked","product_photo_alignement":"right","zoom_enable":false,"product_detail_alignement":"left","product_vendor":false,"product_title_size":true,"quantity_enabled":false,"product_selector":"radio","add_to_cart_button_full":true,"enable_payment_button":true,"show_description":false,"social_sharing_products":true}},"password":{"type":"password","settings":{"logo":"shopify:\/\/shop_images\/debutify-logo-sm.png","logo_max_width":"250","title":"Coming soon!","newsletter_enable":true,"newsletter_form_heading":"Be the first to know when we launch.","newsletter_placeholder":"Email address","newsletter_button_text":"Submit","show_share_buttons":true,"social_message":"Spread the word"}},"related-product":{"type":"related-product","settings":{"related_product":true,"title":"More in this collection","subtitle":"You might also like..","rows":"1","desktop_grid":"3","mobile_grid":"1"}},"1538397116337":{"type":"map","settings":{"heading":"Our store","address":"<p>123 Fake St.<br>Toronto, Canada<\/p><p>Mon - Fri, 10am - 9pm<br>Saturday, 11am - 9pm<br>Sunday, 11am - 5pm<\/p>","map_address":"80 Spadina Ave, Toronto","button_text":"Get directions","show_pin":true,"api_key":"","background_image":"shopify:\/\/shop_images\/footwear-close-up-man-tying-shoelace-from-side.jpg","background_image_position":"center center"}},"footer":{"type":"footer","blocks":{"1542069845345":{"type":"text","settings":{"title":"About Us","text":"<p>Share store details, promotions, or brand content with your customers.<\/p>"}},"1542069586192":{"type":"link_list","settings":{"title":"Menu","footer_link_list":"main-menu"}},"1542130663564":{"type":"link_list","settings":{"title":"Pages","footer_link_list":"main-menu"}},"1542072562280":{"type":"social_medias","settings":{"title":"Follow Us!"}}},"block_order":["1542069845345","1542069586192","1542130663564","1542072562280"],"settings":{"show_newsletter":true,"newsletter_heading":"Subscribe to our newsletter","newsletter_subheading":"A short sentence describing what someone will receive by subscribing","send_icon":"fa-envelope","show_payment_icons":true}},"guarantee":{"type":"guarantee","blocks":{"1542075590474":{"type":"text","settings":{"icon":"trophy","title":"30 days guarantee","text":"<p>Share your guarantees with your customers.<\/p>","button_style":"btn-outline-primary","button_label":"Learn more","button_link":"shopify:\/\/collections\/footwear"}},"1542076275487":{"type":"text","settings":{"icon":"smile-beam","title":"Easy Returns","text":"<p>Share your guarantees with your customers.<\/p>","button_style":"btn-outline-primary","button_label":"Learn more","button_link":"shopify:\/\/collections\/footwear"}},"1542079338867":{"type":"text","settings":{"icon":"shipping-fast","title":"Fast shipping","text":"<p>Share your guarantees with your customers.<\/p>","button_style":"btn-outline-primary","button_label":"Learn more","button_link":"shopify:\/\/collections\/footwear"}}},"block_order":["1542075590474","1542076275487","1542079338867"],"settings":{"background_section":true,"text_align":"text-center","icon_size":"fa-2x"}},"1542133879852":{"type":"newsletter","settings":{"title":"Subscribe to our newsletter","subtitle":"A short sentence describing what someone will receive by subscribing","send_icon":"fa-envelope"}},"1542135797524":{"type":"featured-video","blocks":{"1542135797524-0":{"type":"video","settings":{"video_url":""}}},"block_order":["1542135797524-0"],"settings":{"background_section":true,"full_width":false,"title":"Featured video","subtitle":""}},"1542159848821":{"type":"featured-columns","blocks":{"1542159848821-0":{"type":"text_block","settings":{"image":"shopify:\/\/shop_images\/600x600.jpg","title":"Add a title or tagline","text":"<p>Share blog posts, products, or promotions with your customers. Use this text to describe products, share details on availability and style, or as a space to display recent reviews or FAQs.<\/p>","button_style":"btn-outline-primary","button_label":"Learn more","button_link":"shopify:\/\/collections\/footwear"}},"1542159848821-1":{"type":"text_block","settings":{"image":"shopify:\/\/shop_images\/web_m_hgl_bootsm_600x762_938707b8-7c9b-4d31-903f-dfec33f57b77.jpg","title":"Add a title or tagline","text":"<p>Share blog posts, products, or promotions with your customers. Use this text to describe products, share details on availability and style, or as a space to display recent reviews or FAQs.<\/p>","button_style":"btn--primary","button_label":"","button_link":""}},"1542159848821-2":{"type":"text_block","settings":{"image":"shopify:\/\/shop_images\/stepping-on-deck.jpg","title":"Add a title or tagline","text":"<p>Share blog posts, products, or promotions with your customers. Use this text to describe products, share details on availability and style, or as a space to display recent reviews or FAQs.<\/p>","button_style":"btn--primary","button_label":"","button_link":""}}},"block_order":["1542159848821-0","1542159848821-1","1542159848821-2"],"settings":{"background_section":true,"title":"Featured columns","subtitle":"","text_align":""}},"1542330879045":{"type":"gallery","blocks":{"1542330879045-0":{"type":"image","settings":{"image":"shopify:\/\/shop_images\/stepping-on-deck.jpg","alignment":"middle","link":"shopify:\/\/products\/kaoreria","cta_label":"Shop now"}},"1544210390420":{"type":"image","settings":{"image":"shopify:\/\/shop_images\/600x600.jpg","alignment":"middle","link":"shopify:\/\/products\/kaoreria","cta_label":"Promotions"}}},"block_order":["1542330879045-0","1544210390420"],"settings":{"background_section":false,"full_width":true,"title":"","subtitle":"","section_height":"small"}},"1542401481980":{"type":"logo-list","blocks":{"1542401481980-0":{"type":"logo","settings":{"image":"shopify:\/\/shop_images\/612DwZknTeL._SX425_f5a909f3-d6bf-4478-ad99-0fa8a64c6fd7.jpg","link":"shopify:\/\/collections\/footwear"}},"1542401481980-1":{"type":"logo","settings":{"image":"shopify:\/\/shop_images\/images.png","link":""}},"1542401481980-2":{"type":"logo","settings":{"image":"shopify:\/\/shop_images\/logo-adidas.png","link":""}},"1542401481980-3":{"type":"logo","settings":{"image":"shopify:\/\/shop_images\/nike.png","link":""}}},"block_order":["1542401481980-0","1542401481980-1","1542401481980-2","1542401481980-3"],"settings":{"background_section":false,"title":"Logo list","subtitle":"","logo_width":"150px"}},"1542571564097":{"type":"quotes","blocks":{"1542571564097-0":{"type":"quote","settings":{"quote":"<p>Share blog posts, products, or promotions with your customers. Use this text to describe products, share details on availability and style, or as a space to display recent reviews or FAQs.<\/p>","author":"Author's name"}},"1542571564097-1":{"type":"quote","settings":{"quote":"<p>Share blog posts, products, or promotions with your customers. Use this text to describe products, share details on availability and style, or as a space to display recent reviews or FAQs.<\/p>","author":"Author's name"}},"1542681102615":{"type":"quote","settings":{"quote":"<p>Share blog posts, products, or promotions with your customers. Use this text to describe products, share details on availability and style, or as a space to display recent reviews or FAQs.<\/p>","author":"Author's name"}},"1543898674695":{"type":"quote","settings":{"quote":"<p>Share blog posts, products, or promotions with your customers. Use this text to describe products, share details on availability and style, or as a space to display recent reviews or FAQs.<\/p>","author":"Author's name"}},"1544018095976":{"type":"quote","settings":{"quote":"<p>Share blog posts, products, or promotions with your customers. Use this text to describe products, share details on availability and style, or as a space to display recent reviews or FAQs.<\/p>","author":"Author's name"}},"1544018102237":{"type":"quote","settings":{"quote":"<p>Share blog posts, products, or promotions with your customers. Use this text to describe products, share details on availability and style, or as a space to display recent reviews or FAQs.<\/p>","author":"Author's name"}}},"block_order":["1542571564097-0","1542571564097-1","1542681102615","1543898674695","1544018095976","1544018102237"],"settings":{"background_section":true,"title":"Testimonials","subtitle":"","quote_auto":true,"quote_dots":false,"quote_arrows":true,"quote_auto_speed":"5000"}},"1542754338604":{"type":"custom-html","blocks":{"1542754338604-0":{"type":"html","settings":{"code":"<p class=\"fas fa-code fa-3x\"><\/p><h2>Custom HTML!<\/h2><p>This section can be used to code your own custom layout.<\/p>","width":"100%","text_alignment":"text-center"}}},"block_order":["1542754338604-0"],"settings":{"background_section":true,"padding_section":true,"wrapper_size":""}},"hero":{"type":"hero","blocks":{"1543507326360":{"type":"slide","settings":{"image":"shopify:\/\/shop_images\/footwear-close-up-man-tying-shoelace.jpg","alignment":"center","overlay":true,"title":"Image with text overlay","text":"<p>Use overlay text to give your customers insight into your brand. Select imagery and text that relates to your style and story.<\/p>","text_alignment":"text-center","button_label":"Shop now","button_link":"shopify:\/\/collections\/footwear","button_style":"btn--primary"}},"1543509593820":{"type":"slide","settings":{"image":"shopify:\/\/shop_images\/footwear-close-up-man-tying-shoelace-from-side.jpg","alignment":"center","overlay":true,"title":"Image with text overlay","text":"<p>Use overlay text to give your customers insight into your brand. Select imagery and text that relates to your style and story.<\/p>","text_alignment":"text-center","button_label":"Learn more","button_link":"shopify:\/\/products\/kaoreria","button_style":"btn--primary"}}},"block_order":["1543507326360","1543509593820"],"settings":{"section_height":"xlarge","hero_auto":true,"hero_dots":true,"hero_arrows":true,"hero_auto_speed":"5000"}}},"content_for_index":["featured-content","featured-products","featured-collections","1517117177681","1538397116337","1526601968129","1542571564097","1517116285870","1542135797524","1542401481980","1542159848821","1542133879852","1542754338604","1542330879045"]},"presets":{"Classic":{"cart_type":"drawer","cart_notes_enable":false,"checkout_accent_color":"#a26b25","checkout_banner_background_color":"#fff","checkout_button_color":"#000000","checkout_call_to_action_color":"#a26b25","checkout_use_header_image":false,"color_body_bg":"#ffffff","color_body_text":"#222323","color_borders":"#1c1d1d","color_button_text":"#ffffff","color_drawer_background":"#1c1d1d","color_drawer_border":"#343535","color_drawer_button":"#a26b25","color_drawer_button_text":"#ffffff","color_drawer_text":"#ffffff","color_headings":"#222323","color_input":"#f6f6f6","color_newsletter":"#f6f6f6","color_primary":"#1c1d1d","color_product_background":"#f7f7f7","color_sale_tag":"#990000","color_secondary":"#a26b25","customer_layout":"customer_area","favicon_enable":false,"product_vendor_enable":false,"share_facebook":true,"share_pinterest":true,"share_twitter":true,"social_sharing_style":"clean","type_accent_subheadings":true,"type_base_family":"Google_Arapey_400_serif","type_base_italize_titles":true,"type_base_size":"16px","type_header_base_size":"30px","type_header_border_thickness":"1px","type_header_family":"Google_Old+Standard+TT_400_serif","sections":{"header":{"type":"header","settings":{}},"featured-products":{"type":"featured-products","settings":{"home_featured_products":"frontpage"}},"featured-content":{"type":"featured-content","settings":{}},"featured-collections":{"type":"featured-collections","blocks":{"featured-collections-0":{"type":"collection","settings":{}},"featured-collections-1":{"type":"collection","settings":{}},"featured-collections-2":{"type":"collection","settings":{}}},"block_order":["featured-collections-0","featured-collections-1","featured-collections-2"],"settings":{}}},"content_for_index":["featured-content","featured-collections","featured-products"]},"Playful":{"color_body_bg":"#ffffff","color_body_text":"#565656","color_borders":"#5dd2b4","color_button_text":"#003b34","color_primary":"#5dd2b4","color_secondary":"#058677","color_product_background":"#fff4f6","color_sale_tag":"#e80970","color_input":"#f6f6f6","color_newsletter":"#bde9f2","color_drawer_background":"#360f5f","color_drawer_text":"#ffffff","color_drawer_border":"#50297a","color_drawer_button":"#5dd2b4","color_drawer_button_text":"#360f5f","color_headings":"#321863","type_header_family":"Google_Quicksand_700_sans","type_header_base_size":"38px","type_header_border_thickness":"1px","type_accent_subheadings":false,"type_base_family":"'HelveticaNeue', 'Helvetica Neue', Helvetica, Arial, sans-serif","type_base_size":"17px","type_base_italize_titles":false,"cart_type":"drawer","cart_notes_enable":true,"social_facebook_link":"","social_twitter_link":"","social_pinterest_link":"","social_instagram_link":"","social_snapchat_link":"","social_google_plus_link":"","social_tumblr_link":"","social_youtube_link":"","social_vimeo_link":"","social_fancy_link":"","share_facebook":true,"share_twitter":true,"share_pinterest":true,"favicon":"","checkout_header_image":"","checkout_logo_image":"","checkout_logo_position":"left","checkout_logo_size":"small","checkout_body_background_image":"","checkout_body_background_color":"#ffffff","checkout_input_background_color_mode":"white","checkout_sidebar_background_image":"","checkout_sidebar_background_color":"#fff4f6","checkout_heading_font":"Helvetica Neue","checkout_body_font":"Roboto","checkout_accent_color":"#0d8d7e","checkout_button_color":"#5dd2b4","checkout_error_color":"#f01130","checkout_banner_background_color":"#fff","checkout_call_to_action_color":"#a26b25","checkout_use_header_image":false,"customer_layout":"customer_area","favicon_enable":false,"product_vendor_enable":false,"social_sharing_style":"clean","sections":{"featured-products":{"type":"featured-products","settings":{"home_featured_products":"frontpage"}},"drawer-menu":{"type":"drawer-menu","settings":{"drawer_top_link_list":"main-menu","drawer_bottom_link_list":"footer"}},"header":{"type":"header","settings":{"main_menu_link_list":"main-menu"}},"footer":{"type":"footer","settings":{}},"collection-template":{"type":"collection-template","settings":{"collection_tags_enable":false}},"1494860348200":{"type":"featured-row","settings":{}},"1494894035034":{"type":"featured-row","settings":{}},"product-template":{"type":"product-template","settings":{"zoom_enable":false,"social_sharing_products":true}}},"content_for_index":["featured-products","1494860348200","1494894035034"]}}}